ownerID,nombre,apellido,telefono,correo,direccion
676-60,Ignace,Brocks,139-398-9271,ibrocks0@patch.com,Carrera 10
164-94,Feliza,Ashington,848-637-8499,fashington1@photobucket.com,Calle 20
425-91,Bartlett,Kirkpatrick,968-293-2368,bkirkpatrick2@shareasale.com,Calle A
310-93,Berkie,Standeven,028-766-4752,bstandeven3@gnu.org,Calle 20
835-75,Desdemona,Netherwood,563-791-0804,dnetherwood4@house.gov,Calle 20
644-28,Shoshana,Ebbage,024-290-0296,sebbage5@dot.gov,Carrera 30
745-57,Neil,Zelake,061-355-8450,nzelake6@army.mil,Carrera 10
196-35,Faun,Dyzart,483-702-8545,fdyzart7@wordpress.com,Calle 20
524-01,Flemming,Vivash,731-702-9062,fvivash8@ovh.net,Carrera 30
439-55,Jilleen,Kencott,433-740-4832,jkencott9@archive.org,Calle A
511-72,Pollyanna,Bargh,811-817-9534,pbargha@google.cn,Avenida B
950-61,Diannne,Hookes,140-416-8045,dhookesb@mail.ru,Avenida B
039-67,Archie,Benedite,227-603-7251,abeneditec@abc.net.au,Carrera 30
227-44,Joellen,Woollcott,003-682-7407,jwoollcottd@e-recht24.de,Avenida B
931-22,Martguerita,Briddock,356-761-5100,mbriddocke@quantcast.com,Carrera 30
302-78,Urban,Houseago,035-520-9788,uhouseagof@google.nl,Carrera 10
953-50,Gabriela,Cutchee,036-685-2289,gcutcheeg@walmart.com,Calle 20
871-60,Harmon,Bonelle,228-739-4491,hbonelleh@ucla.edu,Carrera 30
149-29,Lyndell,Vannoni,345-054-4519,lvannonii@discuz.net,Carrera 30
625-86,Lemmie,Ruselin,562-987-7777,lruselinj@ycombinator.com,Calle 20
573-14,Gerri,Kester,519-995-6991,gkesterk@fotki.com,Avenida B
283-50,Samantha,Haddinton,538-051-9859,shaddintonl@dagondesign.com,Avenida B
187-78,Gladys,Maffucci,087-352-4680,gmaffuccim@google.nl,Carrera 10
425-61,Tove,Antrum,668-301-8006,tantrumn@nba.com,Calle A
490-41,Morse,Fernier,968-951-4040,mferniero@dyndns.org,Avenida B
451-46,Giulietta,Scholey,856-690-5939,gscholeyp@liveinternet.ru,Carrera 10
621-43,Regina,Jerosch,894-798-1309,rjeroschq@e-recht24.de,Calle A
316-38,Lev,Kerrey,999-290-8761,lkerreyr@timesonline.co.uk,Calle 20
158-39,Zelma,Jacquet,051-626-2540,zjacquets@tripadvisor.com,Calle A
827-04,Axel,Swine,806-419-1515,aswinet@list-manage.com,Calle 20
350-10,Killie,Maddaford,957-153-4682,kmaddafordu@hubpages.com,Carrera 10
472-89,Desiri,Gawkes,607-916-3566,dgawkesv@irs.gov,Calle 20
452-89,Bab,Dunston,547-218-1293,bdunstonw@woothemes.com,Carrera 10
312-15,Hanson,McCole,517-746-8333,hmccolex@amazon.co.jp,Calle A
729-31,Lucine,Gandrich,090-541-0640,lgandrichy@free.fr,Carrera 30
229-52,Christina,Tapley,146-634-8903,ctapleyz@msn.com,Avenida B
135-74,Matthiew,Tatum,897-781-8576,mtatum10@mashable.com,Calle A
962-37,Truda,Lechelle,380-321-4931,tlechelle11@networkadvertising.org,Carrera 10
002-66,Teirtza,Dradey,889-448-7965,tdradey12@bbc.co.uk,Avenida B
900-99,Thedrick,Smitham,036-629-6977,tsmitham13@wikimedia.org,Carrera 30
813-59,Sallie,Battelle,482-140-0791,sbattelle14@cyberchimps.com,Carrera 10
796-30,Lorry,Grassett,818-533-3794,lgrassett15@mysql.com,Avenida B
422-02,Deeanne,Berzen,137-287-0870,dberzen16@opensource.org,Carrera 30
967-25,Gerald,Van Dijk,441-389-9399,gvandijk17@businessweek.com,Carrera 10
159-87,Lew,Mellings,487-629-0356,lmellings18@themeforest.net,Calle A
645-91,Chauncey,Mangenot,501-663-6186,cmangenot19@bloglines.com,Avenida B
518-78,Prent,Bristo,839-705-4471,pbristo1a@ycombinator.com,Calle 20
402-25,Bernie,Sellner,901-361-6160,bsellner1b@bandcamp.com,Calle 20
118-65,Jacintha,Cregin,881-050-0351,jcregin1c@fema.gov,Calle 20
287-50,Benedikta,Guyonneau,207-362-5439,bguyonneau1d@oaic.gov.au,Calle 20
974-79,Lauree,Ricket,227-808-6288,lricket1e@technorati.com,Carrera 10
622-28,Lanie,Dudny,141-526-9747,ldudny1f@ow.ly,Carrera 30
606-66,Kally,Shewan,297-405-6568,kshewan1g@privacy.gov.au,Carrera 10
011-21,Fredrick,Schreurs,956-756-6023,fschreurs1h@wordpress.com,Carrera 30
241-59,Jennilee,Santi,030-037-1213,jsanti1i@mail.ru,Carrera 30
104-88,Hamel,Shelmardine,089-310-1798,hshelmardine1j@cornell.edu,Calle 20
287-55,Godfree,Rawstorne,128-626-8265,grawstorne1k@independent.co.uk,Calle 20
247-75,Ervin,Shawel,851-198-6668,eshawel1l@ifeng.com,Carrera 30
808-65,Lev,Jerrolt,840-415-1246,ljerrolt1m@wisc.edu,Calle A
353-72,Augustina,Chiverton,182-180-3461,achiverton1n@pcworld.com,Calle 20
004-68,Henryetta,MacArdle,598-640-9633,hmacardle1o@tinyurl.com,Avenida B
193-81,Isidro,Maplethorp,836-440-8615,imaplethorp1p@lulu.com,Calle A
511-50,Nelli,Petkovic,761-555-9944,npetkovic1q@google.co.uk,Calle A
893-23,Melinde,Mingus,483-078-5042,mmingus1r@slate.com,Avenida B
969-45,Kalie,Sikorski,572-469-8072,ksikorski1s@bloomberg.com,Calle 20
383-04,Alene,Corpe,229-498-1252,acorpe1t@qq.com,Carrera 30
960-51,Nathanil,Resun,133-981-7172,nresun1u@pbs.org,Calle 20
416-70,Lucian,Yakutin,252-394-6831,lyakutin1v@skype.com,Carrera 30
602-21,Stearne,Basnall,023-664-7860,sbasnall1w@wufoo.com,Calle A
530-40,Ronica,Creyke,556-139-4449,rcreyke1x@tripod.com,Carrera 30
404-08,Hamid,Aldie,764-471-5675,haldie1y@slashdot.org,Carrera 30
890-95,Kelci,Grubey,984-612-9973,kgrubey1z@joomla.org,Calle 20
712-71,Francyne,Lucy,527-549-7416,flucy20@canalblog.com,Avenida B
866-41,Verna,Faughey,643-516-8002,vfaughey21@thetimes.co.uk,Calle 20
356-61,Misha,Bourtoumieux,122-680-0575,mbourtoumieux22@howstuffworks.com,Carrera 10
883-86,Clarita,Darwin,805-676-8959,cdarwin23@diigo.com,Calle 20
389-39,Evelyn,D'Alesco,469-350-7374,edalesco24@live.com,Carrera 10
002-21,Nefen,Ingram,919-137-7732,ningram25@theatlantic.com,Calle A
417-79,Prescott,Foulger,771-121-6658,pfoulger26@goo.gl,Carrera 30
225-04,Fielding,Sandilands,376-789-9339,fsandilands27@skype.com,Avenida B
563-82,Alverta,Watsham,554-373-6911,awatsham28@springer.com,Carrera 30
761-57,Nick,McMickan,304-916-2947,nmcmickan29@washingtonpost.com,Calle 20
752-62,Jayne,Bum,619-301-5735,jbum2a@technorati.com,Calle 20
237-07,Cordy,Terrans,518-714-4762,cterrans2b@chron.com,Calle 20
276-21,Denny,Golley,613-177-0064,dgolley2c@indiatimes.com,Calle 20
607-22,Igor,Baggs,769-514-9288,ibaggs2d@cnn.com,Calle 20
264-38,Elna,Royste,199-427-5579,eroyste2e@skype.com,Carrera 10
556-06,Dorree,Croutear,054-709-9210,dcroutear2f@feedburner.com,Carrera 30
210-89,Carol-jean,Castelluzzi,098-493-9108,ccastelluzzi2g@skyrock.com,Carrera 10
652-59,Lynnell,Cleynaert,644-461-3124,lcleynaert2h@fotki.com,Calle 20
285-44,Pen,Burnhard,926-401-5594,pburnhard2i@mail.ru,Calle A
104-56,Willetta,Rubinov,204-518-1533,wrubinov2j@apache.org,Carrera 30
572-61,Floris,Ellerington,710-616-0977,fellerington2k@opensource.org,Carrera 10
739-98,Mirella,Collough,433-506-5331,mcollough2l@opensource.org,Carrera 30
920-71,Shem,Lubbock,560-818-4159,slubbock2m@zimbio.com,Carrera 30
302-48,Leanora,Sackey,950-588-6597,lsackey2n@imageshack.us,Calle A
525-92,Evelin,Vinck,742-883-4440,evinck2o@nasa.gov,Calle 20
345-19,Celisse,Fladgate,471-438-8804,cfladgate2p@europa.eu,Carrera 10
779-48,Matty,Busk,540-281-5489,mbusk2q@abc.net.au,Calle A
897-21,Rafael,La Croce,364-204-7558,rlacroce2r@quantcast.com,Calle A
199-56,Bertie,Parrot,016-985-3999,bparrot2s@tamu.edu,Calle A
855-65,Norine,Tabner,857-050-4603,ntabner2t@apple.com,Calle A
550-01,Charmion,Berni,220-193-8072,cberni2u@friendfeed.com,Carrera 30
744-38,Morgan,Petrushanko,139-285-4706,mpetrushanko2v@go.com,Carrera 10
900-20,Catina,Scarrisbrick,599-963-3955,cscarrisbrick2w@cdbaby.com,Calle 20
761-23,Brear,Curzon,431-011-7753,bcurzon2x@oracle.com,Carrera 30
745-36,Lucas,Whitlaw,374-520-6939,lwhitlaw2y@tripod.com,Avenida B
222-24,Kellyann,Whitrod,603-255-2090,kwhitrod2z@comsenz.com,Calle A
546-11,Anetta,Rudkin,243-239-9303,arudkin30@google.fr,Avenida B
306-14,Koral,Waldocke,155-936-8978,kwaldocke31@purevolume.com,Calle A
472-67,Dani,Pickup,689-499-0484,dpickup32@umich.edu,Calle A
796-01,Velvet,Auchterlonie,260-541-6475,vauchterlonie33@newsvine.com,Carrera 10
214-20,Noland,Skeech,132-934-4056,nskeech34@dropbox.com,Carrera 30
940-64,Eugenia,Brockie,482-844-9832,ebrockie35@altervista.org,Carrera 10
285-50,Kippy,Mordacai,009-109-2654,kmordacai36@desdev.cn,Carrera 10
473-36,Marna,Kinnerley,732-411-7978,mkinnerley37@youku.com,Avenida B
371-92,Cleveland,Edridge,152-375-2537,cedridge38@upenn.edu,Avenida B
199-15,Fran,Churn,834-956-0263,fchurn39@arizona.edu,Carrera 30
821-97,Thebault,Stroud,099-470-9838,tstroud3a@howstuffworks.com,Calle A
601-89,Nikki,Riddington,201-766-5018,nriddington3b@google.it,Carrera 30
905-68,Harley,Menaul,782-696-9340,hmenaul3c@live.com,Carrera 30
689-63,Nellie,Purviss,953-484-4330,npurviss3d@godaddy.com,Avenida B
203-63,Abbey,Bendare,671-214-6472,abendare3e@google.com,Calle A
498-87,Talbert,Jones,341-786-1871,tjones3f@slashdot.org,Calle 20
461-38,Rollins,Womack,176-528-2896,rwomack3g@nyu.edu,Carrera 10
269-44,Berta,Proback,178-491-7463,bproback3h@mac.com,Carrera 30
738-41,Donelle,Lefwich,610-495-8311,dlefwich3i@bravesites.com,Avenida B
393-66,Caleb,Pettersen,675-107-0659,cpettersen3j@github.io,Carrera 30
205-98,Barby,Oram,461-093-6398,boram3k@flavors.me,Carrera 30
540-54,Marjie,Ollerton,090-289-0833,mollerton3l@scribd.com,Calle 20
204-27,Kiele,Moylane,601-751-3511,kmoylane3m@eepurl.com,Calle 20
736-85,Corty,Gabler,241-865-3577,cgabler3n@netlog.com,Calle 20
248-48,El,MacMaster,398-163-9370,emacmaster3o@harvard.edu,Calle A
212-70,Demetra,Moller,071-312-1466,dmoller3p@guardian.co.uk,Carrera 10
916-16,Jemie,Khan,816-178-8061,jkhan3q@amazon.co.uk,Calle 20
325-79,Adelice,Cuckoo,639-828-4903,acuckoo3r@odnoklassniki.ru,Carrera 10
405-81,Care,Ramm,637-923-2194,cramm3s@amazon.co.uk,Carrera 10
956-26,Dennis,Hingeley,807-915-7082,dhingeley3t@cam.ac.uk,Carrera 30
020-43,Reinhard,Laetham,310-269-3274,rlaetham3u@123-reg.co.uk,Carrera 10
295-42,Marlin,Amis,877-311-9710,mamis3v@pinterest.com,Carrera 10
694-07,Rhys,Killelea,186-205-3655,rkillelea3w@gravatar.com,Avenida B
754-87,Meara,Quartermaine,923-508-0504,mquartermaine3x@wufoo.com,Carrera 30
187-00,Waylin,Colicot,305-832-4916,wcolicot3y@answers.com,Carrera 30
379-62,Melba,Sonnenschein,513-343-8646,msonnenschein3z@cnet.com,Carrera 10
666-45,Walsh,Weth,787-356-1341,wweth40@addthis.com,Calle A
549-79,Orbadiah,Aymer,822-892-7309,oaymer41@icq.com,Calle A
097-38,Devi,Finnemore,111-453-3524,dfinnemore42@ftc.gov,Calle A
564-26,Emlynne,Mowsdell,470-844-9693,emowsdell43@amazon.co.uk,Calle A
148-05,Wynn,Shapcott,609-815-9704,wshapcott44@youku.com,Calle A
193-39,Chev,Grutchfield,698-617-1951,cgrutchfield45@free.fr,Carrera 10
149-62,Kimmie,Adnams,671-779-9278,kadnams46@ebay.com,Carrera 10
944-02,Gearalt,Walls,563-297-3585,gwalls47@bloglines.com,Avenida B
640-88,Carlina,Coetzee,636-833-6808,ccoetzee48@tumblr.com,Carrera 10
000-21,Daisi,Cristoferi,176-231-1542,dcristoferi49@nbcnews.com,Carrera 10
034-22,Eugenius,Frowde,198-798-3323,efrowde4a@tumblr.com,Carrera 10
149-29,Lilian,Lozano,187-192-3469,llozano4b@disqus.com,Calle A
706-96,Phillida,Renfield,388-272-7025,prenfield4c@gov.uk,Avenida B
401-22,Del,Baine,998-931-4507,dbaine4d@topsy.com,Calle A
130-61,Shea,Cafferty,620-778-9359,scafferty4e@163.com,Carrera 30
423-59,Helen-elizabeth,Gravenell,040-463-5304,hgravenell4f@instagram.com,Calle A
485-41,Tymon,Turnpenny,159-634-2188,tturnpenny4g@admin.ch,Calle A
650-69,Dex,Forsyde,991-255-2430,dforsyde4h@cbslocal.com,Calle A
179-67,Aryn,Chastel,196-008-4929,achastel4i@nhs.uk,Carrera 30
288-18,Jamaal,Rapkins,023-114-9941,jrapkins4j@cargocollective.com,Carrera 10
543-47,Beulah,Adamski,065-186-2779,badamski4k@wikipedia.org,Carrera 10
389-64,Currie,Brookfield,853-644-9870,cbrookfield4l@dell.com,Calle 20
063-97,Keenan,Stowe,114-167-3043,kstowe4m@virginia.edu,Calle 20
877-17,Klemens,Ingham,066-634-5648,kingham4n@hatena.ne.jp,Calle A
214-16,Bonnee,Litherland,641-077-0925,blitherland4o@g.co,Carrera 10
739-07,Deni,Hinchon,573-346-8217,dhinchon4p@hhs.gov,Avenida B
581-81,Derk,Phlipon,632-150-2577,dphlipon4q@paypal.com,Carrera 10
723-47,Brendon,Fitchen,015-646-6066,bfitchen4r@google.com.hk,Carrera 10
464-84,Brig,Nappin,327-115-9860,bnappin4s@51.la,Carrera 10
727-23,Dawna,Kyteley,226-097-2342,dkyteley4t@spotify.com,Carrera 30
936-09,Saleem,Pachta,671-971-9130,spachta4u@globo.com,Avenida B
229-62,Gian,Clemmett,465-832-9737,gclemmett4v@twitter.com,Calle 20
294-65,Violet,Orrell,434-230-5612,vorrell4w@twitpic.com,Calle A
439-74,Maxie,Farnill,481-254-8226,mfarnill4x@e-recht24.de,Carrera 30
752-65,Fernanda,Screase,547-212-0351,fscrease4y@arizona.edu,Calle A
205-69,Gayle,Redmile,883-551-3604,gredmile4z@hexun.com,Carrera 30
310-78,Hervey,Sheers,583-389-0820,hsheers50@webnode.com,Avenida B
969-09,Germana,Christoforou,615-590-3340,gchristoforou51@uiuc.edu,Calle A
290-88,Jennica,McKibbin,960-118-5211,jmckibbin52@un.org,Carrera 10
008-93,Brynn,Hugin,880-317-0207,bhugin53@google.co.jp,Calle 20
236-23,Renault,Polfer,305-697-4255,rpolfer54@hugedomains.com,Calle 20
661-55,Yorgo,Wilstead,334-900-2312,ywilstead55@flavors.me,Calle 20
034-24,Hewe,Arendsen,230-561-6740,harendsen56@foxnews.com,Carrera 30
912-21,Marlena,Hackinge,787-424-7469,mhackinge57@census.gov,Calle 20
065-48,Amandie,MacFarlane,182-712-6863,amacfarlane58@java.com,Calle 20
410-92,Gypsy,McMorland,098-359-7037,gmcmorland59@stanford.edu,Calle 20
705-82,Gifford,Dawidowitsch,998-451-3532,gdawidowitsch5a@cornell.edu,Calle 20
549-28,Ignatius,Pereira,089-355-7322,ipereira5b@nps.gov,Carrera 30
648-52,Cullan,Bearman,661-496-7810,cbearman5c@domainmarket.com,Carrera 30
199-46,Gwendolin,Lampaert,589-334-7143,glampaert5d@baidu.com,Calle A
508-34,Niki,Symper,973-015-2939,nsymper5e@lycos.com,Carrera 30
375-62,Cleveland,Stourton,311-345-1227,cstourton5f@canalblog.com,Carrera 10
993-87,Dwain,Daborn,167-418-5404,ddaborn5g@foxnews.com,Avenida B
884-07,Karissa,Ivantsov,502-168-2409,kivantsov5h@networksolutions.com,Calle 20
829-41,Goran,Wimpress,817-118-9787,gwimpress5i@cnet.com,Calle A
842-41,Jermaine,Ruggier,852-164-0542,jruggier5j@gov.uk,Carrera 30
998-37,Nap,Bracher,345-821-7528,nbracher5k@delicious.com,Calle A
117-33,Audi,Applin,235-683-0086,aapplin5l@ibm.com,Avenida B
499-09,Audre,Driutti,697-458-8840,adriutti5m@archive.org,Calle A
551-65,Jobi,Hurnell,297-793-4375,jhurnell5n@qq.com,Avenida B
157-29,Hurley,Yakubovich,066-075-7572,hyakubovich5o@freewebs.com,Calle A
534-60,Noah,Stranks,564-457-6543,nstranks5p@google.pl,Carrera 30
491-89,Fanchon,Dumphry,171-054-2754,fdumphry5q@scientificamerican.com,Avenida B
163-80,Claiborne,Askew,149-744-5914,caskew5r@sohu.com,Carrera 30
668-58,Charmaine,Wewell,163-935-9393,cwewell5s@wikia.com,Avenida B
599-86,Basil,Prince,639-541-9559,bprince5t@wikimedia.org,Calle A
071-16,Mortie,Grabham,685-887-5880,mgrabham5u@amazon.co.jp,Carrera 10
733-93,Collete,Dodle,224-914-5445,cdodle5v@google.pl,Avenida B
161-86,Jaime,Robelet,652-833-8416,jrobelet5w@tripadvisor.com,Avenida B
860-89,Mord,Vittet,513-645-8956,mvittet5x@google.it,Avenida B
111-65,King,Siehard,169-662-8510,ksiehard5y@nytimes.com,Calle A
809-69,Francene,Janak,583-397-9666,fjanak5z@huffingtonpost.com,Carrera 10
787-24,Artur,Simpole,370-184-0736,asimpole60@fotki.com,Calle 20
037-70,Jewel,Cleghorn,771-473-0908,jcleghorn61@bandcamp.com,Avenida B
372-14,Dudley,Caghan,020-699-3498,dcaghan62@dell.com,Calle 20
991-84,Cathi,Hardware,914-766-2736,chardware63@berkeley.edu,Calle A
929-25,Roi,Schreiner,709-585-0311,rschreiner64@patch.com,Calle 20
415-13,Piggy,Lobb,472-765-0806,plobb65@i2i.jp,Avenida B
540-69,Jerrold,Bareford,306-781-0448,jbareford66@tripadvisor.com,Calle A
418-26,Cristine,Gravett,680-701-5663,cgravett67@guardian.co.uk,Calle 20
474-91,Vannie,Sans,211-228-2265,vsans68@skyrock.com,Calle A
557-71,Judi,Bautiste,004-689-4690,jbautiste69@tripadvisor.com,Carrera 30
847-64,Prudence,Alldread,991-079-5782,palldread6a@ebay.com,Carrera 10
525-49,Kakalina,Pittman,721-820-1680,kpittman6b@indiegogo.com,Carrera 30
634-31,Farris,McQuode,538-748-9421,fmcquode6c@cargocollective.com,Calle A
508-23,Johny,Avramow,079-084-9295,javramow6d@springer.com,Carrera 30
586-87,Andria,MacCarroll,810-376-0163,amaccarroll6e@simplemachines.org,Calle A
810-16,Codie,Betteridge,249-955-7710,cbetteridge6f@symantec.com,Calle A
376-86,Thorstein,McCaskill,951-410-1421,tmccaskill6g@imgur.com,Carrera 10
314-62,Tull,Wybrew,849-140-0904,twybrew6h@opensource.org,Carrera 30
260-13,Gib,Klus,808-849-2913,gklus6i@tumblr.com,Carrera 30
194-27,Nara,Lowrey,665-919-8777,nlowrey6j@apple.com,Calle A
311-95,Giles,Jagiela,831-223-7748,gjagiela6k@4shared.com,Calle 20
118-05,Coop,Kettridge,671-247-5581,ckettridge6l@dell.com,Calle 20
560-38,Feodor,Jelf,050-263-4784,fjelf6m@dyndns.org,Carrera 10
833-65,Nell,Pawlata,870-957-2274,npawlata6n@dedecms.com,Avenida B
292-72,Ashlee,Jedrzejewski,596-797-2770,ajedrzejewski6o@taobao.com,Carrera 10
812-83,Gene,Heaker,198-380-4847,gheaker6p@google.com.hk,Carrera 10
367-24,Donni,Gyngell,027-512-5408,dgyngell6q@abc.net.au,Avenida B
814-49,Tressa,Bemlott,020-417-9044,tbemlott6r@wsj.com,Carrera 30
526-68,Maudie,Kendell,098-708-2019,mkendell6s@unesco.org,Calle 20
749-67,Aleksandr,Worts,282-904-9409,aworts6t@example.com,Carrera 30
403-07,Sibeal,Barette,343-561-9445,sbarette6u@desdev.cn,Carrera 30
851-30,Terry,Ross,175-485-3587,tross6v@g.co,Calle A
955-91,Rockwell,Rough,132-444-1453,rrough6w@salon.com,Avenida B
547-21,Charmane,Normavill,123-818-6690,cnormavill6x@usa.gov,Calle A
891-53,Faber,MacAscaidh,953-822-2952,fmacascaidh6y@1und1.de,Avenida B
346-34,Kimbell,Hun,143-396-2230,khun6z@ca.gov,Carrera 30
334-81,Enriqueta,Soares,123-742-6046,esoares70@4shared.com,Calle A
896-90,Saudra,Talbot,169-213-3961,stalbot71@uol.com.br,Avenida B
007-72,Jarrad,Tassell,764-660-8624,jtassell72@discuz.net,Avenida B
900-91,Haze,Pettegre,900-354-5592,hpettegre73@naver.com,Calle 20
356-99,Annaliese,Wynch,243-444-1460,awynch74@hugedomains.com,Avenida B
947-55,Gelya,Artz,954-304-8081,gartz75@ovh.net,Calle 20
796-89,Domini,Melby,499-310-7385,dmelby76@wsj.com,Avenida B
087-22,Shalna,Heelis,432-797-4338,sheelis77@angelfire.com,Carrera 30
600-44,Audi,Derrick,822-290-5653,aderrick78@e-recht24.de,Carrera 30
641-23,Kim,Ferens,500-168-3900,kferens79@webnode.com,Calle 20
149-78,Melisenda,Pawley,785-372-6430,mpawley7a@google.co.uk,Calle 20
973-43,Zandra,Lachaize,275-669-4024,zlachaize7b@phpbb.com,Carrera 10
051-62,Tiff,Matonin,333-623-8936,tmatonin7c@smh.com.au,Calle A
497-42,Ingram,Kernley,121-802-2655,ikernley7d@jigsy.com,Calle 20
247-16,Rachel,De Beneditti,693-004-8170,rdebeneditti7e@bbc.co.uk,Avenida B
457-74,Lillis,Tallach,354-908-2498,ltallach7f@msu.edu,Calle 20
292-13,Waylon,Ahmad,319-235-1936,wahmad7g@cnet.com,Calle A
430-42,Laina,Sent,452-084-6729,lsent7h@wunderground.com,Avenida B
835-90,Jacqueline,Monelle,701-133-8474,jmonelle7i@ted.com,Carrera 30
174-38,Melinde,Horsewood,826-969-8410,mhorsewood7j@freewebs.com,Carrera 30
212-52,Alleyn,Perigeaux,302-317-6536,aperigeaux7k@nydailynews.com,Calle 20
146-18,Glynnis,Fisby,056-051-9357,gfisby7l@blogs.com,Carrera 10
732-85,Madonna,Orthmann,932-468-3175,morthmann7m@ihg.com,Calle A
520-56,Berti,Goodbourn,224-450-4250,bgoodbourn7n@sbwire.com,Calle 20
877-06,Lynnelle,Alfonsetti,027-397-5963,lalfonsetti7o@cafepress.com,Calle 20
236-35,Judy,Howieson,307-791-8627,jhowieson7p@stumbleupon.com,Carrera 30
567-77,Floria,Bullcock,808-038-8523,fbullcock7q@photobucket.com,Carrera 30
733-36,Kata,Stampfer,798-029-4426,kstampfer7r@creativecommons.org,Carrera 30
469-98,Chelsae,Decreuze,318-030-9711,cdecreuze7s@posterous.com,Calle A
603-71,Lilah,Langwade,481-126-9247,llangwade7t@newsvine.com,Calle 20
649-54,Ash,Goscar,503-607-8468,agoscar7u@webs.com,Avenida B
075-24,Alanna,Benam,012-638-7182,abenam7v@cbsnews.com,Carrera 10
977-74,Melvin,Hasell,441-718-1747,mhasell7w@wordpress.org,Avenida B
925-86,Paule,Grigaut,901-151-5857,pgrigaut7x@angelfire.com,Carrera 30
592-40,Althea,Ambrozewicz,065-898-5049,aambrozewicz7y@people.com.cn,Carrera 10
799-19,Nadine,Hulett,846-874-9784,nhulett7z@google.com.br,Carrera 10
868-63,Shadow,Lezemore,666-412-2132,slezemore80@abc.net.au,Carrera 30
789-50,Farrell,Dalyell,419-310-1471,fdalyell81@stanford.edu,Calle A
337-40,Ned,Leavy,171-333-3406,nleavy82@barnesandnoble.com,Carrera 10
007-41,Peta,Mularkey,289-197-2140,pmularkey83@hubpages.com,Calle A
385-91,Shelby,Raw,258-729-5836,sraw84@lycos.com,Avenida B
926-69,Gloriana,Scarsbrooke,427-441-1864,gscarsbrooke85@youtu.be,Carrera 30
878-99,Debora,Bickmore,597-870-4564,dbickmore86@bandcamp.com,Carrera 30
952-49,Nikolas,Imlach,245-841-9677,nimlach87@cam.ac.uk,Carrera 10
318-53,Courtenay,Bernot,848-486-2887,cbernot88@oaic.gov.au,Calle 20
633-49,Myranda,Tracy,312-266-4300,mtracy89@simplemachines.org,Carrera 10
964-65,Orland,Puzey,305-234-5438,opuzey8a@ebay.co.uk,Calle A
561-37,Muire,Obray,435-710-8904,mobray8b@nps.gov,Carrera 30
498-15,Selena,Gerlts,722-486-5683,sgerlts8c@devhub.com,Calle 20
382-96,Trace,Bahia,972-192-5687,tbahia8d@scientificamerican.com,Calle A
057-96,Shalne,Rickards,603-348-4625,srickards8e@unblog.fr,Carrera 30
510-62,Humberto,McKeeman,513-398-0890,hmckeeman8f@list-manage.com,Carrera 30
306-86,Lucine,Redmore,289-185-4566,lredmore8g@devhub.com,Calle A
690-35,Matthiew,Antwis,732-521-4697,mantwis8h@dedecms.com,Carrera 10
720-91,Gabbie,Dickenson,801-635-9320,gdickenson8i@histats.com,Calle 20
124-26,Dominik,Jacke,008-495-2910,djacke8j@reference.com,Avenida B
425-00,Jamal,Rubie,694-088-2431,jrubie8k@jalbum.net,Avenida B
366-41,Giacopo,Aslie,832-935-9287,gaslie8l@hibu.com,Carrera 30
515-05,Tailor,Killiam,201-290-3943,tkilliam8m@microsoft.com,Avenida B
177-65,Kacy,Reed,678-773-5711,kreed8n@xinhuanet.com,Calle A
286-28,Orrin,Drinkel,569-998-0889,odrinkel8o@phoca.cz,Calle 20
923-48,Valenka,Cacacie,818-695-6992,vcacacie8p@oakley.com,Calle A
498-22,Janith,Worcester,486-022-4092,jworcester8q@bbb.org,Calle A
464-60,Calvin,Blomfield,941-394-3909,cblomfield8r@columbia.edu,Carrera 10
167-98,Gert,Lowres,457-958-7647,glowres8s@godaddy.com,Carrera 30
857-17,Lovell,Dunkinson,863-199-2322,ldunkinson8t@github.io,Avenida B
796-22,Elissa,Vanyutin,204-390-7868,evanyutin8u@exblog.jp,Carrera 10
485-39,Claudell,Purrington,143-923-9180,cpurrington8v@cam.ac.uk,Calle 20
364-81,Arlyn,Shatliff,277-301-1653,ashatliff8w@pinterest.com,Calle A
462-52,Minette,McKinlay,684-527-8936,mmckinlay8x@omniture.com,Calle 20
876-63,Serene,Coyish,106-714-5042,scoyish8y@phoca.cz,Carrera 10
756-51,Web,Alexandrescu,850-970-0666,walexandrescu8z@vinaora.com,Carrera 10
688-32,Sutherland,Campkin,043-181-7888,scampkin90@princeton.edu,Avenida B
035-67,Susanna,Vasnev,893-205-6047,svasnev91@craigslist.org,Carrera 10
098-13,Lindsay,Winchcum,419-628-4214,lwinchcum92@cocolog-nifty.com,Avenida B
925-73,Erika,Dunks,951-469-7117,edunks93@ibm.com,Carrera 30
931-19,Lazaro,Waterstone,630-081-3866,lwaterstone94@joomla.org,Carrera 30
047-02,Turner,Crickett,541-978-3059,tcrickett95@marriott.com,Calle 20
203-66,Toinette,Gutans,045-505-4202,tgutans96@prlog.org,Calle A
689-18,Titos,Mergue,097-623-0432,tmergue97@wikia.com,Calle A
444-23,Cyb,Stubs,478-749-9857,cstubs98@naver.com,Calle 20
657-08,Ronald,Sloy,336-390-8696,rsloy99@naver.com,Carrera 30
868-03,Andromache,Drinkwater,421-636-8707,adrinkwater9a@ftc.gov,Calle 20
617-03,Lowell,Skirrow,939-628-5507,lskirrow9b@multiply.com,Carrera 10
120-79,Tiphanie,Clutten,056-488-4473,tclutten9c@simplemachines.org,Calle 20
487-07,Avril,Northern,880-603-9821,anorthern9d@examiner.com,Carrera 10
176-56,Lorinda,Rahlof,006-457-3832,lrahlof9e@bizjournals.com,Calle 20
272-13,Ulric,Whitechurch,018-385-2779,uwhitechurch9f@wikimedia.org,Avenida B
898-38,Berte,Graeme,264-931-1486,bgraeme9g@chronoengine.com,Calle A
476-26,Ted,Stratz,520-848-5847,tstratz9h@ning.com,Avenida B
056-72,Pebrook,Stilling,288-137-4666,pstilling9i@webmd.com,Calle A
409-68,Celene,Merrigan,084-775-2594,cmerrigan9j@zimbio.com,Calle A
792-01,Mareah,Dollin,165-396-6790,mdollin9k@cmu.edu,Calle A
207-92,Evelin,Turneux,664-240-9007,eturneux9l@behance.net,Carrera 30
333-96,Frederique,Smitton,175-222-5807,fsmitton9m@chronoengine.com,Calle 20
623-72,Hatty,Condit,257-504-6123,hcondit9n@wikipedia.org,Calle A
042-93,Corby,Pickring,053-209-0231,cpickring9o@uol.com.br,Calle 20
514-49,Arley,Younger,505-399-8457,ayounger9p@wufoo.com,Carrera 30
300-33,Audi,Spanton,373-719-4224,aspanton9q@jalbum.net,Carrera 10
304-20,Patrizio,Goulborne,578-752-2311,pgoulborne9r@eepurl.com,Calle 20
486-10,Hillel,Adlem,357-017-9499,hadlem9s@mozilla.org,Calle 20
881-66,Darren,Digginson,275-384-9323,ddigginson9t@independent.co.uk,Avenida B
995-88,Homerus,Coathup,180-218-3701,hcoathup9u@unblog.fr,Avenida B
317-89,Mile,Del Castello,947-968-2484,mdelcastello9v@canalblog.com,Calle 20
838-46,Palmer,Whitlock,052-368-6566,pwhitlock9w@meetup.com,Carrera 30
506-67,Isacco,McGookin,213-266-8289,imcgookin9x@admin.ch,Carrera 30
577-47,Rosmunda,Saltrese,897-980-0759,rsaltrese9y@sbwire.com,Carrera 30
978-66,Johnathon,Roman,910-662-5479,jroman9z@illinois.edu,Carrera 10
547-17,Felike,Oley,210-133-7338,foleya0@noaa.gov,Calle A
594-04,Vladamir,McErlaine,538-131-8461,vmcerlainea1@theguardian.com,Avenida B
689-94,Bennett,Budgeon,467-823-1630,bbudgeona2@youtube.com,Carrera 30
705-98,Babb,Hawthorn,758-421-8642,bhawthorna3@joomla.org,Calle A
564-25,Pasquale,Bedford,579-266-0471,pbedforda4@weibo.com,Avenida B
521-94,Krishna,Blewitt,771-046-1287,kblewitta5@bizjournals.com,Calle A
773-42,Ami,Carswell,332-051-2874,acarswella6@unesco.org,Calle A
245-57,Cornelius,Handy,016-856-9293,chandya7@blogspot.com,Calle A
309-00,Patrick,Grime,960-881-5609,pgrimea8@alibaba.com,Avenida B
124-98,Juditha,Littlefield,558-385-2730,jlittlefielda9@hibu.com,Carrera 30
185-77,Magnum,Hedney,706-974-4960,mhedneyaa@creativecommons.org,Calle A
597-73,Marcello,Lenham,790-700-1441,mlenhamab@google.com.hk,Carrera 30
048-20,Brannon,Irnis,078-889-6517,birnisac@mysql.com,Avenida B
113-68,Devlen,Bruggen,852-488-7850,dbruggenad@wufoo.com,Avenida B
220-19,Birdie,Perrygo,027-697-6984,bperrygoae@1688.com,Calle A
330-35,Giraldo,Anespie,355-168-1753,ganespieaf@fema.gov,Carrera 10
102-38,Harri,Perrigo,491-717-5262,hperrigoag@is.gd,Calle A
372-02,Dyanna,Jikylls,723-713-8877,djikyllsah@oakley.com,Carrera 30
374-76,Leyla,Glentworth,809-998-5514,lglentworthai@arstechnica.com,Avenida B
123-90,Jaye,McSweeney,976-416-1621,jmcsweeneyaj@dell.com,Calle A
873-36,Eadie,Egiloff,229-482-4314,eegiloffak@sitemeter.com,Calle 20
518-46,Alice,Speer,453-801-4830,aspeeral@uiuc.edu,Calle A
783-80,Fredia,Millsom,415-403-7904,fmillsomam@howstuffworks.com,Calle 20
917-54,Jeremy,Jeffree,472-032-1578,jjeffreean@ovh.net,Carrera 30
470-48,Elka,McDonand,280-798-4325,emcdonandao@liveinternet.ru,Carrera 10
956-19,Garreth,Tratton,716-254-5961,gtrattonap@flavors.me,Carrera 30
893-92,Wendell,Groucock,688-366-6386,wgroucockaq@purevolume.com,Avenida B
545-09,Leif,Bridie,901-185-4080,lbridiear@istockphoto.com,Carrera 10
188-98,Rhody,Dyke,565-572-2238,rdykeas@about.me,Carrera 10
170-99,Kimble,Brandone,923-936-1210,kbrandoneat@ezinearticles.com,Carrera 10
314-37,Cindi,Wilcinskis,344-163-8555,cwilcinskisau@home.pl,Avenida B
260-39,Nickola,Overland,240-352-6553,noverlandav@ezinearticles.com,Carrera 30
046-38,Patricia,Ledgister,783-984-8791,pledgisteraw@slideshare.net,Calle A
138-58,Sande,Gribbin,263-696-8116,sgribbinax@cbc.ca,Calle A
999-73,Leighton,Martel,884-805-3511,lmartelay@home.pl,Calle 20
580-87,Dan,Ohrt,592-202-8204,dohrtaz@parallels.com,Carrera 30
932-28,Aile,Linck,772-685-7142,alinckb0@businessinsider.com,Calle A
528-43,Frederick,Chat,491-363-3163,fchatb1@sphinn.com,Carrera 10
083-24,Dodie,Lacroutz,205-484-4115,dlacroutzb2@last.fm,Carrera 10
763-99,Quintus,Kemwal,338-015-3971,qkemwalb3@apache.org,Carrera 10
272-94,Bing,Sainter,458-645-8726,bsainterb4@vimeo.com,Calle 20
514-43,Nannette,Barents,288-147-5553,nbarentsb5@yellowpages.com,Calle 20
675-40,Holly-anne,Quogan,177-532-8119,hquoganb6@imdb.com,Carrera 30
160-95,Ally,Abrahim,307-308-7906,aabrahimb7@usda.gov,Avenida B
750-76,Lorrin,Zelley,643-413-6822,lzelleyb8@friendfeed.com,Carrera 30
248-28,Lamond,O'Caine,698-491-5638,locaineb9@guardian.co.uk,Calle A
927-47,Chadd,Beven,146-430-3837,cbevenba@phpbb.com,Calle A
544-34,Clareta,Dargue,913-821-1085,cdarguebb@imgur.com,Calle 20
560-33,Sheilakathryn,Oman,827-197-2329,somanbc@canalblog.com,Carrera 10
795-92,Neron,Holleran,398-327-9428,nholleranbd@rambler.ru,Carrera 30
755-83,Gavra,Graves,110-647-9983,ggravesbe@walmart.com,Carrera 30
395-50,Ranee,Fellibrand,240-697-9475,rfellibrandbf@cpanel.net,Calle A
098-83,Kalli,Riden,345-208-8902,kridenbg@live.com,Carrera 30
626-91,Sim,Mildenhall,569-332-8633,smildenhallbh@goo.ne.jp,Carrera 10
477-21,Wyatt,McCrachen,603-795-7904,wmccrachenbi@whitehouse.gov,Avenida B
162-87,Mort,Dowsey,878-459-8779,mdowseybj@bloglines.com,Calle A
296-26,Rois,Chaffe,725-692-2392,rchaffebk@biblegateway.com,Calle 20
043-35,Glen,Bendig,060-903-4675,gbendigbl@bing.com,Calle A
269-35,Goldina,Grange,058-706-5315,ggrangebm@engadget.com,Carrera 10
610-08,Zed,Daveren,656-777-3878,zdaverenbn@google.ca,Carrera 10
673-50,Merrilee,Ayling,527-590-2564,maylingbo@examiner.com,Calle A
852-79,Teddie,Speller,914-360-8081,tspellerbp@cam.ac.uk,Avenida B
552-14,Chrissy,Skyner,824-887-6284,cskynerbq@blogspot.com,Calle 20
966-79,Kitti,Dreier,708-271-0914,kdreierbr@bravesites.com,Calle A
851-63,Lorianne,Hussell,983-427-1398,lhussellbs@e-recht24.de,Calle 20
280-16,Savina,Blaszczak,871-061-8490,sblaszczakbt@hc360.com,Carrera 10
881-70,Ellsworth,Spohr,488-312-4497,espohrbu@gnu.org,Calle 20
135-93,Charlotta,Korneichuk,401-607-2487,ckorneichukbv@csmonitor.com,Avenida B
637-27,Jorgan,Iggalden,752-396-3178,jiggaldenbw@privacy.gov.au,Avenida B
482-83,Remus,MacEnelly,205-046-6152,rmacenellybx@nifty.com,Avenida B
334-92,Justina,Yoslowitz,237-563-2344,jyoslowitzby@google.ca,Calle 20
057-54,Nicki,Giuron,499-381-7274,ngiuronbz@feedburner.com,Carrera 10
391-25,Tudor,Kydd,068-051-9870,tkyddc0@nba.com,Calle 20
910-10,Adena,Middlehurst,739-663-0527,amiddlehurstc1@nymag.com,Carrera 10
800-32,Corrie,Saltsberger,941-796-9136,csaltsbergerc2@goo.ne.jp,Carrera 30
657-12,Tedi,Constable,731-361-3366,tconstablec3@shop-pro.jp,Calle A
663-13,Kathleen,Shipton,988-656-1587,kshiptonc4@businessinsider.com,Carrera 30
648-63,Bink,Brotherhead,885-295-3875,bbrotherheadc5@cbc.ca,Calle A
239-91,Percival,Spring,512-382-7390,pspringc6@bbb.org,Carrera 10
694-53,Carlina,Vanshin,810-917-9150,cvanshinc7@archive.org,Calle A
739-91,Manny,Trickey,340-031-7850,mtrickeyc8@t.co,Calle A
006-26,Meier,Boseley,163-583-9257,mboseleyc9@army.mil,Carrera 10
370-53,Hobard,Tawn,316-889-9014,htawnca@psu.edu,Carrera 30
645-59,Odille,Janik,361-349-9907,ojanikcb@xinhuanet.com,Calle A
939-18,Rozalie,Paik,735-681-6486,rpaikcc@ted.com,Calle 20
083-39,Ethelind,Kmicicki,571-979-8800,ekmicickicd@home.pl,Calle 20
068-20,Stepha,Constantine,667-214-9366,sconstantinece@mtv.com,Calle A
747-97,Lalo,McNish,001-942-9570,lmcnishcf@adobe.com,Carrera 10
261-15,Audrey,Ebben,653-862-7228,aebbencg@acquirethisname.com,Calle A
345-74,Aura,Masham,985-465-3229,amashamch@hao123.com,Calle A
002-71,Noel,Blackah,087-003-5317,nblackahci@imgur.com,Calle 20
116-64,Doy,Holwell,888-640-2561,dholwellcj@state.gov,Calle 20
678-46,Jeannie,Philippard,252-760-5327,jphilippardck@t.co,Carrera 30
510-50,Brion,Manie,420-039-6984,bmaniecl@sbwire.com,Calle 20
316-81,Tammara,Burfoot,474-499-8337,tburfootcm@squidoo.com,Carrera 30
541-67,Vittoria,Hovenden,223-376-7013,vhovendencn@nba.com,Avenida B
308-96,Titos,Atger,397-706-9048,tatgerco@japanpost.jp,Carrera 10
513-84,Ethelind,Welbelove,098-608-9612,ewelbelovecp@eepurl.com,Calle A
512-97,Scot,Sarsfield,497-529-8229,ssarsfieldcq@guardian.co.uk,Calle A
926-55,Lewes,Pomroy,086-727-4165,lpomroycr@jalbum.net,Carrera 30
020-17,Frasier,Goslin,984-122-6696,fgoslincs@cyberchimps.com,Avenida B
614-82,Colin,Seleway,910-281-1007,cselewayct@1und1.de,Calle A
032-66,Robinette,McLevie,439-737-7991,rmcleviecu@a8.net,Carrera 10
240-65,Wilhelmine,Waterhous,509-278-8453,wwaterhouscv@blogtalkradio.com,Calle A
201-35,Marley,Flecknell,799-743-4716,mflecknellcw@gizmodo.com,Carrera 10
044-18,Marylee,Hatherley,372-391-4289,mhatherleycx@si.edu,Carrera 10
329-58,Brigid,Gabey,930-675-7482,bgabeycy@guardian.co.uk,Calle 20
924-03,Cletus,Southard,253-507-7896,csouthardcz@ftc.gov,Avenida B
444-71,Zollie,Venable,869-878-4570,zvenabled0@smugmug.com,Avenida B
632-99,Brear,Kuhlmey,391-893-3576,bkuhlmeyd1@mediafire.com,Carrera 30
929-87,Cassaundra,Grece,244-027-8722,cgreced2@google.com.br,Calle 20
706-08,Marilyn,Redgate,789-120-6750,mredgated3@ezinearticles.com,Calle A
651-16,Betta,Pashen,631-661-8979,bpashend4@goo.gl,Avenida B
214-32,Tynan,Jakubovits,917-187-0674,tjakubovitsd5@1688.com,Avenida B
822-42,Felike,Winkle,450-676-8129,fwinkled6@indiatimes.com,Calle A
500-86,Salvatore,Foukx,693-078-6859,sfoukxd7@aboutads.info,Avenida B
512-61,Rockey,Bransom,817-615-5374,rbransomd8@dagondesign.com,Calle A
165-38,Sheila-kathryn,Gagan,374-630-3558,sgagand9@dot.gov,Carrera 30
902-59,Marcelo,McCarrison,991-073-6418,mmccarrisonda@dot.gov,Calle 20
577-65,Amandi,Petracco,436-541-2697,apetraccodb@engadget.com,Carrera 10
587-04,Rene,Wallenger,932-132-5882,rwallengerdc@usgs.gov,Avenida B
757-18,Eleanora,Kingshott,664-436-0636,ekingshottdd@ocn.ne.jp,Calle 20
586-71,Caspar,Print,961-764-3711,cprintde@lulu.com,Carrera 30
620-60,Nigel,Arthur,601-991-6791,narthurdf@tinyurl.com,Carrera 30
509-66,Eleonora,Hundey,758-260-4054,ehundeydg@ucoz.ru,Carrera 10
229-51,Vonnie,Weymouth,018-904-9177,vweymouthdh@tripadvisor.com,Carrera 10
341-71,Faina,Slafford,436-789-6535,fslafforddi@opensource.org,Avenida B
194-00,Moritz,Boick,358-480-8639,mboickdj@indiegogo.com,Carrera 30
888-43,Dyana,Shelf,382-853-1935,dshelfdk@vistaprint.com,Carrera 30
033-92,Brinn,Reschke,597-115-8783,breschkedl@sogou.com,Calle A
002-70,Scarlet,Gianilli,692-487-4921,sgianillidm@gov.uk,Avenida B
051-58,Maia,Remer,415-624-3887,mremerdn@twitter.com,Avenida B
140-88,Codie,Locard,663-278-1162,clocarddo@qq.com,Calle 20
244-54,Jeramie,Cyson,128-472-6839,jcysondp@cbsnews.com,Calle 20
825-36,Anselm,Boosey,302-611-2996,abooseydq@edublogs.org,Calle 20
384-04,Ermentrude,Thorneloe,943-863-5310,ethorneloedr@nature.com,Calle A
293-30,Darin,Scholler,560-310-0872,dschollerds@com.com,Carrera 30
596-46,Gabie,Gook,890-582-9321,ggookdt@quantcast.com,Calle A
634-31,Judi,Bindon,081-065-7651,jbindondu@mayoclinic.com,Calle 20
135-29,Adriane,Isaacson,679-751-2882,aisaacsondv@typepad.com,Carrera 30
682-43,Randene,Stygall,434-138-6654,rstygalldw@de.vu,Carrera 30
820-90,Sascha,Samarth,138-931-8816,ssamarthdx@vk.com,Calle 20
452-58,Timmy,Blade,641-956-2188,tbladedy@about.me,Avenida B
134-16,Isidora,Deelay,604-721-4949,ideelaydz@wikipedia.org,Calle 20
161-27,Carolina,Stockall,863-720-2214,cstockalle0@cbsnews.com,Avenida B
173-86,Whit,Fante,777-102-9546,wfantee1@pbs.org,Calle A
448-81,Faun,Shatford,222-882-7955,fshatforde2@devhub.com,Carrera 30
391-48,Lauri,Bambrugh,811-627-6519,lbambrughe3@telegraph.co.uk,Avenida B
535-42,Perla,Dunster,750-203-3242,pdunstere4@weibo.com,Carrera 30
284-16,Salim,De Paoli,154-967-2066,sdepaolie5@wunderground.com,Calle 20
802-86,Roobbie,Freire,371-444-1205,rfreiree6@slashdot.org,Avenida B
419-33,Haley,Barwood,951-465-2060,hbarwoode7@privacy.gov.au,Calle A
032-16,Efrem,Pawden,461-475-0260,epawdene8@biblegateway.com,Carrera 10
560-75,Ara,Dreschler,101-700-4891,adreschlere9@prnewswire.com,Carrera 30
611-92,Fax,Buggy,378-251-8998,fbuggyea@yolasite.com,Carrera 30
995-33,Jodie,Yakovliv,088-801-6119,jyakovliveb@furl.net,Avenida B
556-85,Dre,Pammenter,870-449-7018,dpammenterec@dot.gov,Calle 20
089-35,Stanton,Riach,339-500-5486,sriached@npr.org,Calle 20
207-06,Toinette,Perl,463-872-3650,tperlee@clickbank.net,Calle A
588-89,Candace,Ojeda,924-419-9231,cojedaef@dailymail.co.uk,Carrera 30
035-34,Desirae,Barks,881-367-8598,dbarkseg@ted.com,Carrera 30
119-55,Roxine,Fallis,769-949-1002,rfalliseh@vistaprint.com,Carrera 30
413-20,Mattias,Rusted,872-885-2060,mrustedei@hhs.gov,Carrera 30
531-61,Lexi,Limb,615-740-2173,llimbej@narod.ru,Carrera 10
902-95,Serge,Cattermole,763-918-4402,scattermoleek@myspace.com,Calle A
213-91,Scarface,Cleere,590-699-1374,scleereel@scientificamerican.com,Carrera 30
913-87,Debra,Wayon,162-866-6217,dwayonem@amazon.de,Avenida B
140-57,Dario,Shedden,561-567-9795,dsheddenen@howstuffworks.com,Carrera 10
634-13,Lilian,Rock,397-796-7064,lrockeo@illinois.edu,Carrera 30
084-47,Petronia,Dibson,675-686-2557,pdibsonep@columbia.edu,Avenida B
749-95,Lemuel,Kinny,849-529-3915,lkinnyeq@kickstarter.com,Carrera 10
997-32,Maryrose,Sheard,887-820-4301,mshearder@biglobe.ne.jp,Carrera 30
992-25,Dianne,Strond,787-472-0050,dstrondes@google.it,Carrera 30
705-13,Michell,Catlin,947-921-4349,mcatlinet@ibm.com,Avenida B
631-44,Shaylyn,Honniebal,822-159-2738,shonniebaleu@unblog.fr,Calle 20
481-66,Karlik,Markus,333-381-0966,kmarkusev@nifty.com,Carrera 10
442-39,Kelila,Sherry,364-547-9610,ksherryew@cisco.com,Calle A
475-56,Mame,Styan,271-078-0816,mstyanex@freewebs.com,Avenida B
290-40,Elberta,Jent,498-244-5347,ejentey@gravatar.com,Carrera 30
012-33,Leola,Pearl,926-256-0455,lpearlez@zimbio.com,Calle 20
285-97,Diane,Dubbin,684-134-2612,ddubbinf0@printfriendly.com,Carrera 10
304-27,Bettina,Rickhuss,031-010-7495,brickhussf1@timesonline.co.uk,Carrera 10
309-16,Sondra,Traice,513-409-7297,straicef2@pbs.org,Calle 20
956-14,Cooper,Chess,144-725-9958,cchessf3@bluehost.com,Avenida B
416-54,Margo,Haselwood,533-588-4603,mhaselwoodf4@columbia.edu,Carrera 30
901-33,Herman,Standingford,288-608-4289,hstandingfordf5@youku.com,Calle 20
394-02,Remy,Bremeyer,778-629-7914,rbremeyerf6@slate.com,Avenida B
777-42,Gabriela,Kehir,578-901-7269,gkehirf7@nytimes.com,Carrera 30
465-78,Mathian,Wanstall,450-177-8272,mwanstallf8@un.org,Calle 20
391-74,Jemimah,Elleyne,167-844-0191,jelleynef9@hp.com,Carrera 10
981-35,Lani,Kensington,499-961-9445,lkensingtonfa@howstuffworks.com,Avenida B
354-29,Amelita,Spatari,169-258-7938,aspatarifb@usgs.gov,Calle A
559-05,Demeter,Westman,959-990-3294,dwestmanfc@ebay.co.uk,Carrera 30
669-89,Kip,Drage,971-945-6299,kdragefd@gizmodo.com,Calle 20
185-97,Lark,Pelosi,549-249-4410,lpelosife@ning.com,Avenida B
946-40,Bartholomeus,Vedikhov,752-330-4544,bvedikhovff@wiley.com,Carrera 10
758-59,Elroy,Buffin,653-058-7134,ebuffinfg@ebay.com,Calle A
648-27,Fayth,Daddow,466-562-9366,fdaddowfh@gmpg.org,Carrera 30
837-26,Kania,Balfe,388-772-5917,kbalfefi@google.com,Carrera 30
997-79,Marley,Alcide,573-117-1903,malcidefj@dyndns.org,Carrera 30
055-04,Traver,Loughead,960-073-7349,tlougheadfk@joomla.org,Calle A
597-90,Washington,Ziemke,671-024-0441,wziemkefl@latimes.com,Carrera 30
434-84,Kareem,Warman,532-614-7363,kwarmanfm@ovh.net,Calle A
962-06,Lilah,Slobom,045-056-8709,lslobomfn@ibm.com,Avenida B
403-74,Felizio,Morfett,644-381-1067,fmorfettfo@state.tx.us,Avenida B
585-19,Christophe,Bonnaire,219-853-3859,cbonnairefp@instagram.com,Avenida B
276-62,Lyn,Mould,382-527-6235,lmouldfq@mayoclinic.com,Calle 20
631-53,Allissa,Couve,099-229-9082,acouvefr@tinypic.com,Avenida B
488-52,Sky,Hubatsch,163-596-9114,shubatschfs@yolasite.com,Calle A
590-58,Beitris,Feathers,417-497-3528,bfeathersft@flavors.me,Carrera 30
771-94,Yard,Niccols,507-056-9615,yniccolsfu@bloglovin.com,Carrera 30
364-02,Carrol,Placidi,871-234-0583,cplacidifv@mapy.cz,Avenida B
648-52,Ward,Logg,402-722-2650,wloggfw@de.vu,Calle A
560-31,Kata,Bilbee,562-949-6712,kbilbeefx@over-blog.com,Carrera 10
755-49,Hewett,Harbottle,474-949-9069,hharbottlefy@google.ru,Calle A
627-71,Barron,Horsefield,530-204-6609,bhorsefieldfz@forbes.com,Carrera 30
955-31,Lazar,Cornewell,144-317-3558,lcornewellg0@so-net.ne.jp,Calle 20
442-37,Corty,Andreacci,013-830-1493,candreaccig1@free.fr,Carrera 30
856-27,Wendy,Spalding,921-360-2388,wspaldingg2@msn.com,Carrera 30
540-04,Reidar,Ludwell,625-677-7039,rludwellg3@spiegel.de,Avenida B
411-69,Merrilee,Summerlad,960-478-8410,msummerladg4@about.com,Calle 20
810-27,Rosalynd,Honnicott,243-689-4379,rhonnicottg5@gov.uk,Carrera 10
240-08,Tremayne,Tighe,193-229-9465,ttigheg6@icq.com,Calle 20
067-97,Gratia,Dronsfield,491-738-2728,gdronsfieldg7@boston.com,Calle 20
665-70,Angy,Gilluley,815-143-3349,agilluleyg8@google.com,Carrera 10
466-83,Elysha,Garmon,135-298-4467,egarmong9@bbb.org,Calle A
070-27,Myrtice,Hedderly,312-546-8935,mhedderlyga@oakley.com,Calle 20
237-82,Kirbee,Gourlay,364-519-4011,kgourlaygb@hc360.com,Avenida B
600-71,Guinna,Vlies,855-490-2991,gvliesgc@intel.com,Calle A
165-00,Colman,MacPhail,947-138-3490,cmacphailgd@kickstarter.com,Carrera 30
022-38,Julianna,Lurriman,197-473-3419,jlurrimange@desdev.cn,Carrera 10
830-20,Kristofor,Polamontayne,827-874-1712,kpolamontaynegf@histats.com,Carrera 30
033-78,Ignacius,Keeri,646-515-8125,ikeerigg@i2i.jp,Calle 20
218-02,Francisco,Wanek,686-197-2799,fwanekgh@ning.com,Calle 20
248-27,Simon,Calcraft,924-441-6582,scalcraftgi@w3.org,Calle A
196-00,Giraud,MacGilrewy,624-566-5243,gmacgilrewygj@baidu.com,Calle 20
283-03,Mada,Haith,747-557-3675,mhaithgk@unicef.org,Calle 20
860-07,Poul,Iscowitz,213-559-0337,piscowitzgl@dailymotion.com,Carrera 10
874-40,Darb,Malkinson,327-853-6469,dmalkinsongm@themeforest.net,Avenida B
504-93,Garrik,Hassen,874-052-3520,ghassengn@pbs.org,Carrera 10
608-35,Alejandro,Palay,691-117-3239,apalaygo@gravatar.com,Avenida B
843-95,Kirsten,Downing,697-078-2162,kdowninggp@huffingtonpost.com,Carrera 30
737-23,Alonso,Yarranton,249-466-9054,ayarrantongq@blogspot.com,Calle A
362-70,Pattin,Harner,138-060-7509,pharnergr@wordpress.com,Avenida B
062-55,Alikee,Grent,538-952-1039,agrentgs@smugmug.com,Avenida B
533-97,Carolyne,Sherwyn,959-332-5836,csherwyngt@ucla.edu,Carrera 10
510-19,Maire,Wittleton,893-501-8404,mwittletongu@ihg.com,Carrera 30
359-49,Dore,Roizn,180-757-2393,droizngv@usda.gov,Carrera 10
795-73,Cherish,Treske,564-248-8635,ctreskegw@msn.com,Carrera 10
202-82,Cherish,D'Elias,527-574-0768,cdeliasgx@google.it,Carrera 30
667-38,Smitty,Ewbanks,340-385-0526,sewbanksgy@wikimedia.org,Carrera 10
061-04,Morley,Scanterbury,689-369-1825,mscanterburygz@cbc.ca,Carrera 10
300-76,Jackquelin,Robiot,847-617-7130,jrobioth0@umn.edu,Avenida B
260-72,Llewellyn,Spatig,525-235-0015,lspatigh1@geocities.jp,Avenida B
430-75,Concordia,Brandassi,364-816-3641,cbrandassih2@sohu.com,Calle A
001-22,Maegan,Mullaly,261-647-2668,mmullalyh3@hc360.com,Carrera 30
813-15,Nester,Kowal,929-602-0187,nkowalh4@canalblog.com,Avenida B
871-01,Kipper,Iowarch,827-508-8405,kiowarchh5@yandex.ru,Carrera 30
393-39,Glyn,Goater,416-177-8315,ggoaterh6@nba.com,Calle A
834-55,Melisande,Crocken,193-875-2035,mcrockenh7@shop-pro.jp,Avenida B
450-48,Hannah,Dipple,964-551-4405,hdippleh8@ed.gov,Calle A
099-06,Donall,Burdikin,872-669-0312,dburdikinh9@google.ca,Avenida B
179-58,Karlan,Scowcraft,925-345-5699,kscowcraftha@google.cn,Carrera 30
700-49,Darell,Merigon,030-134-6955,dmerigonhb@joomla.org,Avenida B
193-35,Willy,Hackford,175-332-4883,whackfordhc@nbcnews.com,Calle 20
861-27,Eleen,Paskin,622-541-1222,epaskinhd@com.com,Carrera 10
501-12,Ollie,Passmore,582-005-3841,opassmorehe@admin.ch,Avenida B
959-90,Roma,Pentecost,217-135-2558,rpentecosthf@google.pl,Carrera 10
742-81,Yevette,Hawthorne,018-922-5433,yhawthornehg@blogspot.com,Carrera 10
294-54,Jorge,Huggett,063-236-9125,jhuggetthh@purevolume.com,Calle 20
944-07,Tatiana,Buttriss,407-518-7136,tbuttrisshi@ucsd.edu,Calle A
658-50,Danila,Duckels,176-159-0689,dduckelshj@samsung.com,Carrera 10
207-98,Kerrie,Louden,907-143-5561,kloudenhk@acquirethisname.com,Avenida B
560-80,Zachary,Matzke,200-445-2510,zmatzkehl@yellowbook.com,Carrera 10
913-19,Yalonda,Currm,409-963-8322,ycurrmhm@ucla.edu,Avenida B
484-50,Isador,Morrissey,325-515-6568,imorrisseyhn@latimes.com,Carrera 10
628-91,Ody,Toope,246-352-2729,otoopeho@bizjournals.com,Avenida B
164-76,Dallas,Batho,471-789-4136,dbathohp@usgs.gov,Carrera 30
879-98,Josey,Scurry,983-733-6783,jscurryhq@sciencedirect.com,Calle 20
488-51,Riobard,Childrens,845-007-7558,rchildrenshr@imageshack.us,Carrera 10
568-90,Michaelina,Adney,493-334-7659,madneyhs@businessinsider.com,Avenida B
778-36,Murdock,Sager,019-048-4372,msagerht@cnbc.com,Calle 20
836-02,Tuckie,Teck,686-002-0156,tteckhu@amazon.co.jp,Calle 20
906-41,Laird,Lear,161-893-9918,llearhv@aboutads.info,Calle A
933-06,Estrellita,Kittoe,793-170-3412,ekittoehw@adobe.com,Carrera 30
045-81,Phineas,Elnaugh,147-073-2908,pelnaughhx@dagondesign.com,Calle A
925-79,Keelia,Bonevant,377-705-0939,kbonevanthy@engadget.com,Avenida B
585-42,Edlin,Cianelli,824-112-3397,ecianellihz@aboutads.info,Avenida B
655-09,Wilone,Yuryichev,750-197-2872,wyuryichevi0@state.tx.us,Carrera 10
511-08,Wendel,Boaler,229-202-4385,wboaleri1@virginia.edu,Carrera 30
699-95,Ash,Tilford,639-427-6323,atilfordi2@archive.org,Carrera 10
591-20,Lotte,Collcutt,377-662-0032,lcollcutti3@histats.com,Carrera 30
076-57,Tamara,Spyvye,378-000-3292,tspyvyei4@china.com.cn,Avenida B
680-43,Sarah,Dimitrie,158-580-3373,sdimitriei5@howstuffworks.com,Carrera 10
052-99,Dayle,Willis,365-923-2294,dwillisi6@furl.net,Carrera 30
231-39,Abrahan,Strephan,623-001-7663,astrephani7@acquirethisname.com,Carrera 30
805-59,Barnebas,Sprowell,925-318-1580,bsprowelli8@blogspot.com,Carrera 30
954-47,Melvyn,Risebarer,422-902-9843,mrisebareri9@themeforest.net,Calle 20
784-51,Nataline,Spruce,753-690-8933,nspruceia@weebly.com,Calle A
579-59,Silvester,Yegorev,138-408-7629,syegorevib@sbwire.com,Avenida B
022-69,Philbert,Packman,053-027-2995,ppackmanic@amazon.co.jp,Carrera 30
295-63,Terri-jo,Levee,638-030-7231,tleveeid@adobe.com,Carrera 10
768-57,Kristel,Dargue,459-410-9262,kdargueie@si.edu,Calle A
710-19,Cheslie,Buxcey,117-365-0530,cbuxceyif@usa.gov,Avenida B
429-99,Inga,Demogeot,711-567-5184,idemogeotig@va.gov,Carrera 30
937-54,Flin,Conti,647-093-1597,fcontiih@merriam-webster.com,Carrera 10
033-26,Stafani,Franchi,473-205-7411,sfranchiii@technorati.com,Calle A
259-78,Hazel,Ledward,721-199-4513,hledwardij@comsenz.com,Carrera 30
293-99,Xena,Wayon,537-780-1818,xwayonik@vkontakte.ru,Carrera 30
164-48,Tory,Otham,428-257-1988,tothamil@1688.com,Calle A
673-02,Brand,Mowsdill,458-395-5156,bmowsdillim@dagondesign.com,Carrera 30
177-74,Dniren,McGill,348-480-2043,dmcgillin@telegraph.co.uk,Carrera 30
087-92,Shanan,Aylward,549-848-4816,saylwardio@yolasite.com,Calle A
522-60,Lilllie,Bafford,212-635-9858,lbaffordip@hao123.com,Calle A
735-62,Xerxes,Hamberston,867-034-9373,xhamberstoniq@youku.com,Calle 20
655-37,Stevy,Sawyer,375-109-1697,ssawyerir@free.fr,Calle A
058-34,Stan,Sparks,494-878-4237,ssparksis@vkontakte.ru,Carrera 10
593-53,Herculie,Brandrick,478-319-1110,hbrandrickit@mtv.com,Carrera 10
756-85,Germayne,Guare,255-552-0291,gguareiu@dropbox.com,Calle A
614-03,Binni,Lebel,382-595-9991,blebeliv@delicious.com,Calle 20
189-69,Deck,Oppy,875-820-7034,doppyiw@google.nl,Calle 20
491-03,Curcio,Slocum,039-454-1579,cslocumix@google.fr,Calle A
943-46,Dell,Gresly,489-895-5239,dgreslyiy@gov.uk,Avenida B
842-67,Alessandro,Doughill,347-491-3862,adoughilliz@wisc.edu,Calle A
032-41,Lilli,Lauder,919-683-6858,llauderj0@aol.com,Avenida B
227-42,Corney,Giraudot,807-735-2223,cgiraudotj1@irs.gov,Carrera 30
339-63,Waylin,Meldrum,688-283-0301,wmeldrumj2@last.fm,Avenida B
432-58,Fielding,Theriot,487-494-7470,ftheriotj3@mozilla.org,Calle A
819-76,Orson,Shewry,448-507-6737,oshewryj4@thetimes.co.uk,Carrera 30
750-10,Binni,Tarry,239-311-1728,btarryj5@pagesperso-orange.fr,Calle 20
371-68,Keven,Perle,860-960-4469,kperlej6@hao123.com,Calle A
153-31,Clemmy,Crady,886-890-9375,ccradyj7@webnode.com,Carrera 10
750-62,Sherlocke,Beddow,310-774-4246,sbeddowj8@woothemes.com,Calle A
393-27,Jerrold,Bentjens,633-453-3704,jbentjensj9@friendfeed.com,Carrera 10
638-17,Brand,McMurrugh,382-271-5269,bmcmurrughja@indiatimes.com,Avenida B
171-39,Tabatha,Mc Mechan,025-335-1499,tmcmechanjb@google.co.jp,Carrera 30
888-27,Pooh,Britzius,567-583-9746,pbritziusjc@uiuc.edu,Avenida B
218-86,Rolph,Halligan,429-068-6576,rhalliganjd@eventbrite.com,Carrera 10
872-53,Roddy,Brandin,879-846-6726,rbrandinje@bravesites.com,Calle A
954-02,Paulina,Durrance,761-657-4500,pdurrancejf@seattletimes.com,Carrera 30
635-97,Meagan,Josefer,519-225-3498,mjoseferjg@bbc.co.uk,Carrera 30
289-64,Saunder,Skehan,815-852-4403,sskehanjh@infoseek.co.jp,Calle 20
543-96,Rheba,Fogg,988-773-6215,rfoggji@dot.gov,Carrera 10
144-99,Carita,Scotson,162-096-6352,cscotsonjj@tinypic.com,Carrera 30
585-61,Sheilah,MacCarlich,005-536-8785,smaccarlichjk@symantec.com,Carrera 30
544-48,Nick,O' Neligan,444-580-7791,noneliganjl@naver.com,Calle 20
166-30,Maryjane,Sanger,335-790-0208,msangerjm@imgur.com,Carrera 10
055-48,Ardella,Cahill,576-738-9456,acahilljn@skype.com,Calle A
554-24,Jaime,Stilliard,520-922-6732,jstilliardjo@sfgate.com,Calle 20
425-54,Noach,Agdahl,674-045-6577,nagdahljp@paypal.com,Avenida B
498-63,Carmelle,Lacaze,592-431-9735,clacazejq@bbc.co.uk,Calle A
312-36,Iona,Rodliff,477-115-8059,irodliffjr@merriam-webster.com,Carrera 30
707-35,Darrick,Boken,416-076-2680,dbokenjs@cpanel.net,Calle 20
018-59,Delano,Breton,275-060-9195,dbretonjt@mtv.com,Carrera 30
452-95,Sandro,Curedale,282-220-8154,scuredaleju@slashdot.org,Calle 20
599-84,Hali,Axe,187-961-4120,haxejv@is.gd,Avenida B
696-85,Thatcher,Reggiani,117-712-8353,treggianijw@addthis.com,Carrera 30
795-51,Jacquenette,Matuskiewicz,926-532-4263,jmatuskiewiczjx@dion.ne.jp,Avenida B
830-32,Moll,Alforde,505-322-5354,malfordejy@apple.com,Carrera 30
615-39,Stuart,Ostrich,761-273-3722,sostrichjz@posterous.com,Carrera 10
322-00,Carmelia,Keele,636-975-1515,ckeelek0@redcross.org,Calle A
477-64,Leoine,Oxborough,274-236-4789,loxboroughk1@weebly.com,Calle 20
303-35,Bradly,Vaillant,290-276-0078,bvaillantk2@sciencedaily.com,Carrera 30
471-09,Caressa,Le Blond,176-849-7965,cleblondk3@amazon.co.uk,Avenida B
948-93,Perle,McKane,024-281-8909,pmckanek4@ebay.co.uk,Calle 20
577-85,Hadria,Beadnell,253-600-6108,hbeadnellk5@mapquest.com,Carrera 30
429-08,Othello,Sillwood,714-168-8349,osillwoodk6@moonfruit.com,Avenida B
054-59,Lela,MacAscaidh,987-619-8664,lmacascaidhk7@tuttocitta.it,Calle A
500-16,Chloette,Blackesland,888-535-3395,cblackeslandk8@typepad.com,Carrera 10
709-43,Arty,Skentelbery,001-066-0849,askentelberyk9@google.com.au,Avenida B
442-04,Gawain,Sieghart,831-587-9179,gsieghartka@shareasale.com,Calle A
245-20,Lurline,Wehner,757-669-2325,lwehnerkb@apache.org,Calle 20
542-81,Caroljean,Barkes,322-339-6959,cbarkeskc@rakuten.co.jp,Calle A
196-55,Bonny,Ashworth,054-176-4241,bashworthkd@51.la,Calle 20
102-61,Giff,Chevolleau,229-249-0778,gchevolleauke@facebook.com,Carrera 10
640-36,Constantine,Livingston,772-531-3349,clivingstonkf@cbslocal.com,Carrera 30
698-20,Winslow,Ridde,706-455-8263,wriddekg@digg.com,Carrera 30
109-42,Henryetta,Jeaneau,197-055-1068,hjeaneaukh@reference.com,Carrera 10
832-99,Maryann,Andrusov,472-871-2401,mandrusovki@w3.org,Calle 20
647-77,Skippie,Germain,853-248-0609,sgermainkj@sciencedaily.com,Avenida B
817-74,Wylie,Touson,622-943-4476,wtousonkk@wp.com,Carrera 10
569-22,Timi,Yakunikov,871-020-9546,tyakunikovkl@apple.com,Calle A
515-28,Giustino,Sewley,032-165-4237,gsewleykm@qq.com,Carrera 30
516-50,Vasili,Knight,789-696-4286,vknightkn@ebay.com,Carrera 10
890-15,Weston,Petronis,702-773-1974,wpetronisko@hao123.com,Avenida B
110-12,Sadie,Goodman,846-695-4570,sgoodmankp@google.com.br,Calle A
258-84,Lyndsey,Rosenblath,441-286-1778,lrosenblathkq@archive.org,Carrera 30
504-58,Sofie,Keson,026-753-5833,skesonkr@google.it,Avenida B
126-57,Erskine,Tidball,993-158-2522,etidballks@jiathis.com,Avenida B
447-68,Bruce,Rolland,574-718-8765,brollandkt@hubpages.com,Calle A
406-63,Bradly,Spurdens,648-853-7118,bspurdensku@spotify.com,Calle A
815-83,Titos,Haswell,499-865-8036,thaswellkv@illinois.edu,Calle 20
975-18,Edward,Drinkall,599-953-2703,edrinkallkw@naver.com,Carrera 30
943-20,Kimberley,Hopkins,531-009-8422,khopkinskx@live.com,Carrera 10
176-02,Dana,Fylan,312-600-2337,dfylanky@blogtalkradio.com,Calle A
364-20,Wanids,La Vigne,781-623-8143,wlavignekz@time.com,Calle 20
802-73,Perle,Tetla,853-010-3335,ptetlal0@paypal.com,Carrera 10
723-70,Bart,Kaygill,569-403-3616,bkaygilll1@cornell.edu,Avenida B
757-62,Gleda,Ealam,258-258-1665,gealaml2@china.com.cn,Calle 20
255-40,Robert,Pegg,957-937-6126,rpeggl3@storify.com,Calle 20
289-75,Nil,Matevushev,999-793-0825,nmatevushevl4@hud.gov,Calle 20
341-61,Teresina,Sertin,043-013-0604,tsertinl5@wordpress.com,Calle A
211-01,Pen,Latch,247-080-8052,platchl6@rakuten.co.jp,Carrera 30
435-38,Abdul,Colliver,059-661-1468,acolliverl7@qq.com,Carrera 10
953-61,Melinde,Bentz,605-475-6880,mbentzl8@plala.or.jp,Calle A
313-78,Robinet,Siggers,809-073-3500,rsiggersl9@craigslist.org,Calle 20
662-18,Jean,Shute,602-971-9183,jshutela@wikimedia.org,Calle A
047-24,Lorine,Phil,795-085-3798,lphillb@nature.com,Calle A
955-49,Rina,Shenfisch,405-387-4540,rshenfischlc@canalblog.com,Calle 20
587-40,Vaclav,Seivwright,660-999-5142,vseivwrightld@drupal.org,Calle 20
833-02,Edith,Wixon,279-735-0007,ewixonle@earthlink.net,Carrera 10
482-29,Nevsa,Eayrs,708-130-6126,neayrslf@pinterest.com,Calle 20
157-93,Gregorio,Vearncombe,491-773-2196,gvearncombelg@skyrock.com,Calle A
486-31,Frances,Bertin,796-274-8997,fbertinlh@auda.org.au,Avenida B
973-03,Esme,Loidl,509-109-6973,eloidlli@rediff.com,Calle 20
413-92,Sergeant,Rolling,651-550-9099,srollinglj@tinypic.com,Calle A
549-18,Flore,Dain,065-898-9732,fdainlk@instagram.com,Avenida B
090-22,Diena,Stredder,133-422-2406,dstredderll@yale.edu,Avenida B
609-76,Toma,Kitchingman,119-024-1983,tkitchingmanlm@smh.com.au,Avenida B
810-67,Leola,Chatteris,087-184-3997,lchatterisln@technorati.com,Calle A
492-69,Ernestus,Gerardin,793-908-9720,egerardinlo@wired.com,Carrera 30
033-24,Ansel,Goold,364-937-8335,agooldlp@unesco.org,Carrera 10
427-77,Candis,Nunnery,847-017-3979,cnunnerylq@unc.edu,Calle A
957-30,Tulley,Coal,405-397-1879,tcoallr@scientificamerican.com,Avenida B
784-82,Sauncho,Considine,579-249-4922,sconsidinels@psu.edu,Carrera 30
929-77,Dale,Feeham,266-993-1249,dfeehamlt@zimbio.com,Carrera 10
590-48,Janel,Breyt,999-272-6608,jbreytlu@yale.edu,Carrera 30
810-70,Blondell,Gibb,519-356-0698,bgibblv@merriam-webster.com,Calle A
321-20,Maiga,Kennedy,515-260-8390,mkennedylw@blog.com,Carrera 10
532-26,Rhianna,Toxell,435-030-2171,rtoxelllx@cnn.com,Calle 20
113-59,Loralie,Feldhuhn,432-366-7009,lfeldhuhnly@mediafire.com,Calle 20
460-06,Brnaba,Block,012-539-3291,bblocklz@deliciousdays.com,Calle 20
311-47,Beverley,McDyer,633-149-9989,bmcdyerm0@omniture.com,Carrera 10
772-60,Merry,Hamlington,345-898-0818,mhamlingtonm1@hp.com,Carrera 30
760-63,Harmonia,Gosson,489-005-2171,hgossonm2@va.gov,Avenida B
906-57,Chloette,Hender,753-216-4387,chenderm3@hugedomains.com,Calle A
139-43,Nan,Matterdace,637-957-1565,nmatterdacem4@angelfire.com,Carrera 30
859-10,Wayland,Manie,524-070-0316,wmaniem5@nba.com,Carrera 10
577-99,Shelba,Kernes,663-204-4149,skernesm6@blogtalkradio.com,Carrera 30
394-66,Berny,Pogue,432-402-3150,bpoguem7@example.com,Carrera 30
170-95,Zea,Erington,392-626-5480,zeringtonm8@nifty.com,Carrera 10
133-21,Antonia,Laird,775-878-6471,alairdm9@soup.io,Carrera 10
973-13,Kathleen,Ripley,127-290-9282,kripleyma@surveymonkey.com,Carrera 30
666-74,Jere,Bednell,389-927-0278,jbednellmb@businesswire.com,Calle 20
130-26,Perice,Scard,912-819-1480,pscardmc@vistaprint.com,Calle 20
281-33,Franchot,Cape,602-191-6747,fcapemd@wsj.com,Calle 20
692-46,Trenna,Folke,669-891-4713,tfolkeme@cbc.ca,Carrera 10
947-09,Stephannie,Doogue,223-491-3022,sdooguemf@berkeley.edu,Calle 20
214-71,Nobie,Enrdigo,355-584-5472,nenrdigomg@mashable.com,Calle A
357-48,Mollee,Le Breton De La Vieuville,368-844-1040,mlebretondelavieuvillemh@vistaprint.com,Calle A
880-76,Johnathan,Dayes,943-917-9042,jdayesmi@cbsnews.com,Avenida B
021-21,Aurthur,Zanetti,378-639-7793,azanettimj@sourceforge.net,Calle 20
647-16,Kalila,Wimsett,999-735-6458,kwimsettmk@technorati.com,Carrera 30
415-34,Terrill,Tuffrey,291-549-7889,ttuffreyml@xrea.com,Calle A
339-34,Annamarie,Geroldini,066-952-1914,ageroldinimm@ted.com,Avenida B
367-01,Reinold,Crevy,438-778-8302,rcrevymn@ed.gov,Carrera 10
600-52,Pyotr,Aberdeen,000-287-2075,paberdeenmo@seesaa.net,Calle 20
760-65,Marris,Hymer,649-936-0637,mhymermp@utexas.edu,Calle 20
870-18,Eddy,Haddy,808-443-8814,ehaddymq@amazonaws.com,Carrera 30
955-33,Jenine,Evert,628-217-0879,jevertmr@ft.com,Carrera 10
634-58,Whitby,Arnely,543-531-9891,warnelyms@bravesites.com,Calle A
469-94,Webster,Brumen,672-061-6975,wbrumenmt@unc.edu,Avenida B
538-59,Nanette,Battrick,333-620-6939,nbattrickmu@diigo.com,Calle A
341-41,Mercie,Mont,213-363-4999,mmontmv@furl.net,Avenida B
026-02,Tani,Mabone,791-029-5539,tmabonemw@chron.com,Avenida B
368-73,Lucas,Kitteringham,588-961-1557,lkitteringhammx@about.com,Carrera 30
627-02,Shalom,McIlvoray,129-781-4787,smcilvoraymy@imgur.com,Avenida B
548-68,Anna-diane,Alflat,371-025-3866,aalflatmz@desdev.cn,Carrera 30
530-39,Alfie,Wardale,746-402-4714,awardalen0@independent.co.uk,Calle A
209-49,Perren,Sargent,892-481-7365,psargentn1@artisteer.com,Calle 20
536-52,Gerhardine,Benedito,167-641-5182,gbenediton2@altervista.org,Carrera 10
064-99,Angele,Heddy,355-034-8660,aheddyn3@seesaa.net,Avenida B
239-47,Aundrea,Vouls,520-930-5298,avoulsn4@sogou.com,Avenida B
096-18,Woody,Hessle,206-213-8888,whesslen5@sakura.ne.jp,Carrera 30
056-69,Brewer,Silverston,396-298-5455,bsilverstonn6@mayoclinic.com,Calle A
982-74,Ashli,Mattiazzi,996-493-4382,amattiazzin7@over-blog.com,Avenida B
726-38,Karna,Cloughton,866-377-7497,kcloughtonn8@blinklist.com,Avenida B
341-49,Harriette,Darlasson,801-884-5367,hdarlassonn9@disqus.com,Calle A
340-16,Virgie,Bailes,362-156-0702,vbailesna@google.es,Carrera 10
742-63,Ebenezer,Hinzer,032-927-9984,ehinzernb@delicious.com,Calle 20
779-12,Laurianne,Hawken,100-066-6359,lhawkennc@sfgate.com,Avenida B
791-22,Adria,Farndale,229-910-8096,afarndalend@so-net.ne.jp,Carrera 10
568-92,Bradney,Koeppe,511-809-9399,bkoeppene@umich.edu,Calle 20
070-42,Lindsey,Jubert,996-263-9374,ljubertnf@about.com,Avenida B
900-08,Atlante,McBride,185-325-2479,amcbrideng@springer.com,Carrera 30
941-17,Susy,Oleszkiewicz,187-564-3210,soleszkiewicznh@wordpress.com,Calle 20
091-39,Sioux,Berger,936-366-9602,sbergerni@google.co.uk,Carrera 10
760-39,Vita,Furmenger,280-781-6038,vfurmengernj@ucsd.edu,Carrera 30
045-16,Moyna,Wann,837-081-2442,mwannnk@umn.edu,Carrera 10
704-86,Siward,Kiossel,132-480-6924,skiosselnl@shop-pro.jp,Calle A
024-22,Dolph,Colqueran,619-664-7581,dcolquerannm@state.tx.us,Carrera 10
518-94,Clywd,Gagin,696-523-1194,cgaginnn@g.co,Carrera 10
422-37,Trstram,Gouldthorp,457-409-9950,tgouldthorpno@earthlink.net,Calle 20
562-19,Birgitta,Studders,678-397-9972,bstuddersnp@redcross.org,Carrera 10
236-27,Calv,Parke,176-637-8665,cparkenq@ucsd.edu,Calle A
504-43,Amby,Bellenger,814-902-4971,abellengernr@furl.net,Avenida B
574-41,Emilia,Creer,591-546-5114,ecreerns@topsy.com,Calle 20
612-04,Suzann,Shilito,025-805-2433,sshilitont@theglobeandmail.com,Calle 20
164-80,Fernande,Oxbrough,757-700-4070,foxbroughnu@csmonitor.com,Avenida B
863-41,Jocko,Tremontana,740-202-3144,jtremontananv@ftc.gov,Calle A
184-35,Tilly,Sidwick,020-059-6616,tsidwicknw@newsvine.com,Calle 20
233-76,Hank,O'Hannen,438-829-5178,hohannennx@stanford.edu,Calle 20
249-77,Antoine,Kenion,209-417-7631,akenionny@hubpages.com,Calle A
347-10,Jeanelle,Shilton,383-842-3709,jshiltonnz@japanpost.jp,Carrera 30
038-39,Aldis,Keyser,237-597-0606,akeysero0@eepurl.com,Avenida B
660-87,Elsey,Desson,431-583-0761,edessono1@dell.com,Carrera 30
546-49,Nanice,Heak,442-589-3039,nheako2@free.fr,Avenida B
763-51,Sherry,Theaker,512-752-5306,stheakero3@slate.com,Calle 20
449-20,Morgan,Paddick,938-932-5682,mpaddicko4@businessinsider.com,Carrera 30
315-35,Gwendolin,Tubb,978-868-1916,gtubbo5@moonfruit.com,Carrera 30
949-45,Caron,Doneld,787-478-6190,cdoneldo6@google.com.br,Avenida B
134-33,Kayle,Holston,883-235-6150,kholstono7@washingtonpost.com,Avenida B
400-02,Sunny,Kiendl,849-903-8994,skiendlo8@dailymotion.com,Carrera 30
551-00,Athena,Draysay,464-775-3730,adraysayo9@biglobe.ne.jp,Calle A
654-98,Rubia,Isacke,835-398-4502,risackeoa@ehow.com,Carrera 10
085-80,Pavel,Smedley,189-841-1301,psmedleyob@newyorker.com,Calle 20
571-78,Clarence,Burt,634-719-4403,cburtoc@smh.com.au,Carrera 30
328-71,Shayne,Grizard,761-576-1264,sgrizardod@homestead.com,Calle 20
763-16,Claudell,Coulton,969-249-0801,ccoultonoe@friendfeed.com,Calle 20
749-18,Raul,Drewes,178-837-0109,rdrewesof@mail.ru,Carrera 30
486-69,Broddy,Clemmensen,771-164-1104,bclemmensenog@unc.edu,Calle 20
547-07,Cassy,Syer,150-723-3307,csyeroh@ucla.edu,Avenida B
225-75,Regan,Lanaway,020-779-5871,rlanawayoi@fda.gov,Calle 20
448-55,Dulcie,Raggitt,935-832-6834,draggittoj@salon.com,Carrera 10
635-56,Gonzalo,O'Hearn,960-502-8254,gohearnok@virginia.edu,Calle 20
847-89,Danielle,Peery,821-510-0933,dpeeryol@answers.com,Calle A
938-36,Beau,Hankinson,445-474-7804,bhankinsonom@soundcloud.com,Avenida B
717-22,Grover,Ivanyukov,389-754-6655,givanyukovon@businessinsider.com,Carrera 30
367-72,Chauncey,Quested,288-881-1001,cquestedoo@mapy.cz,Carrera 30
764-76,Jo-ann,McLeman,482-467-6628,jmclemanop@imgur.com,Calle 20
214-24,Stepha,Battany,869-831-2779,sbattanyoq@businessinsider.com,Calle A
746-29,Thornton,Greeno,814-525-9095,tgreenoor@t-online.de,Calle 20
063-12,Bel,Dockrey,386-357-0309,bdockreyos@washington.edu,Carrera 10
828-79,Alvis,Rollett,951-320-5526,arollettot@linkedin.com,Avenida B
707-79,Theresita,Dutteridge,398-408-4978,tdutteridgeou@pbs.org,Calle 20
500-10,Elena,Wogan,564-923-2387,ewoganov@scribd.com,Avenida B
974-71,Alexandros,Halstead,489-516-6500,ahalsteadow@sun.com,Carrera 10
587-97,Simone,Yosifov,766-680-2980,syosifovox@hugedomains.com,Calle 20
558-23,Dennie,Strathern,531-679-1810,dstrathernoy@stanford.edu,Calle 20
099-84,Nora,Vanes,720-931-0443,nvanesoz@wsj.com,Carrera 30
769-37,Kassandra,Partrick,819-160-7010,kpartrickp0@netlog.com,Carrera 30
942-21,Merrile,Calterone,837-854-6919,mcalteronep1@dion.ne.jp,Avenida B
060-64,Larine,McNamee,394-973-1146,lmcnameep2@census.gov,Calle A
940-42,Duke,Gounod,054-968-3698,dgounodp3@hhs.gov,Carrera 10
224-36,Lula,Yerbury,834-741-1878,lyerburyp4@nymag.com,Calle A
858-54,Burr,Chown,255-338-4497,bchownp5@exblog.jp,Calle 20
140-14,Emlyn,D'Aulby,129-567-6725,edaulbyp6@icio.us,Avenida B
499-75,Emmerich,Askin,989-833-9014,easkinp7@china.com.cn,Carrera 30
976-50,Cullie,Busher,856-319-1957,cbusherp8@nyu.edu,Avenida B
841-18,Griffy,Opfer,399-220-9655,gopferp9@umich.edu,Calle 20
189-55,Kendrick,Poplee,048-157-5656,kpopleepa@prlog.org,Carrera 30
014-41,Niels,Frowen,299-454-9075,nfrowenpb@rediff.com,Calle A
463-37,Berkly,Sellwood,726-440-4772,bsellwoodpc@twitter.com,Carrera 10
668-26,Rosaleen,Matiewe,018-714-9028,rmatiewepd@youtube.com,Calle 20
875-22,Analise,Lindenfeld,364-209-5391,alindenfeldpe@hugedomains.com,Carrera 10
131-15,Roxanne,McVanamy,932-351-8025,rmcvanamypf@latimes.com,Calle A
946-03,Mair,Bigham,364-242-3225,mbighampg@clickbank.net,Calle A
895-28,Estrella,Dybbe,331-392-8059,edybbeph@nationalgeographic.com,Carrera 30
804-38,Brendis,Heinlein,113-565-0645,bheinleinpi@opera.com,Calle 20
692-70,Joelly,Giberd,291-482-7581,jgiberdpj@sfgate.com,Carrera 10
390-08,Dita,Stillgoe,314-636-4165,dstillgoepk@mysql.com,Calle 20
196-61,Florian,Breeze,976-283-9168,fbreezepl@netvibes.com,Avenida B
330-33,Tally,Stollman,578-201-9418,tstollmanpm@tmall.com,Carrera 10
255-06,Sharia,Cockcroft,398-340-8132,scockcroftpn@virginia.edu,Calle A
452-18,Zaria,Bulter,441-744-0171,zbulterpo@telegraph.co.uk,Calle 20
907-12,Jackson,Goly,989-289-4890,jgolypp@123-reg.co.uk,Carrera 10
514-58,Louella,Speller,888-279-0445,lspellerpq@posterous.com,Carrera 30
435-68,Pearla,Grayston,578-634-2173,pgraystonpr@privacy.gov.au,Carrera 30
953-82,Claretta,De Nisco,919-593-2883,cdeniscops@dailymotion.com,Carrera 10
245-56,Michal,Hayball,683-372-9199,mhayballpt@si.edu,Calle 20
683-69,Antonin,Werndley,075-573-6754,awerndleypu@spiegel.de,Calle A
047-48,Bonny,Ells,556-598-8453,bellspv@cocolog-nifty.com,Calle 20
369-56,Dewie,Cosham,075-967-2062,dcoshampw@360.cn,Calle 20
052-59,Donny,Feldmesser,194-149-5477,dfeldmesserpx@lycos.com,Calle 20
348-27,Helena,Hamly,919-570-1587,hhamlypy@etsy.com,Calle A
773-98,Tamarra,Allcott,462-126-2516,tallcottpz@mashable.com,Calle A
630-24,Chery,Hadrill,146-567-7439,chadrillq0@storify.com,Calle 20
693-55,Maisey,MacNelly,100-277-7189,mmacnellyq1@last.fm,Calle 20
734-22,Gael,Stickler,447-412-4810,gsticklerq2@dell.com,Calle 20
035-13,Linoel,Chessell,144-113-3812,lchessellq3@admin.ch,Calle 20
318-21,Krishnah,Ethersey,412-822-1076,ketherseyq4@last.fm,Carrera 10
454-07,Welsh,Godain,975-569-7107,wgodainq5@tripadvisor.com,Carrera 10
252-81,Barby,Evill,628-855-5378,bevillq6@smh.com.au,Calle A
314-39,Edik,Siddens,368-883-5704,esiddensq7@google.co.uk,Carrera 30
900-57,Orsa,Gurney,241-581-6690,ogurneyq8@globo.com,Carrera 30
887-20,Windy,Allon,793-309-9753,wallonq9@tinyurl.com,Carrera 10
377-09,Remy,Kingsley,191-179-0440,rkingsleyqa@nbcnews.com,Carrera 10
613-68,Oates,Fuentes,487-719-1254,ofuentesqb@cdc.gov,Carrera 30
280-55,Derrik,Loudian,309-580-2012,dloudianqc@cornell.edu,Calle 20
252-05,Colan,Trowler,888-683-0711,ctrowlerqd@naver.com,Carrera 30
185-51,Reagan,Gylle,615-805-1191,rgylleqe@nsw.gov.au,Calle 20
180-09,Arleen,Slateford,468-545-2660,aslatefordqf@delicious.com,Carrera 30
137-86,Elfreda,Cronshaw,421-416-8954,ecronshawqg@disqus.com,Carrera 30
670-49,Ali,Imlin,929-819-4381,aimlinqh@ask.com,Calle A
675-90,Van,Swatheridge,247-437-3508,vswatheridgeqi@hud.gov,Calle A
242-02,Alberto,Steiner,580-438-9812,asteinerqj@ifeng.com,Avenida B
216-24,Oberon,Enderlein,471-139-8374,oenderleinqk@surveymonkey.com,Avenida B
234-19,Maurizio,Banford,621-247-8703,mbanfordql@nbcnews.com,Calle A
642-82,Ronni,McGillicuddy,288-776-1259,rmcgillicuddyqm@mediafire.com,Calle A
548-85,Joete,Garvin,642-154-8417,jgarvinqn@yelp.com,Calle 20
766-25,Barbee,Frangleton,252-992-5673,bfrangletonqo@liveinternet.ru,Calle A
849-51,Moise,Eustis,754-818-7191,meustisqp@cocolog-nifty.com,Calle 20
442-96,Ketty,Grassett,243-175-6605,kgrassettqq@youtu.be,Calle A
191-95,Jorge,Hawtry,856-636-6691,jhawtryqr@google.co.jp,Carrera 30
540-30,Crissie,Dankersley,668-747-8291,cdankersleyqs@quantcast.com,Calle A
028-28,Natividad,Hamflett,117-416-5541,nhamflettqt@intel.com,Carrera 30
298-86,Reggie,Flaunders,077-969-6110,rflaundersqu@jimdo.com,Carrera 10
867-69,Sara-ann,Stear,362-659-8615,sstearqv@dyndns.org,Avenida B
197-13,Christiane,Merdew,367-611-4211,cmerdewqw@rambler.ru,Avenida B
993-73,Geoff,Hartigan,601-518-0701,ghartiganqx@cafepress.com,Carrera 10
598-79,Bogey,Thiem,073-863-6235,bthiemqy@sogou.com,Carrera 30
976-28,Jammal,Haining,612-331-2170,jhainingqz@nih.gov,Avenida B
872-05,Francine,Fassbender,801-542-2255,ffassbenderr0@baidu.com,Calle A
863-28,Zachary,MacKenney,395-801-3267,zmackenneyr1@istockphoto.com,Carrera 30
682-04,Peder,Mapledoram,395-686-5174,pmapledoramr2@yolasite.com,Avenida B
749-79,Courtney,Humbles,916-284-1787,chumblesr3@reference.com,Carrera 30
150-56,Parsifal,Brasener,277-686-7840,pbrasenerr4@fc2.com,Carrera 10
985-75,Thornton,Earley,964-250-3756,tearleyr5@hubpages.com,Calle A
819-23,Kimmi,Lindop,587-907-5087,klindopr6@jugem.jp,Calle A
020-86,Nelie,Sydenham,289-928-7179,nsydenhamr7@elpais.com,Carrera 10
254-42,Kerri,Nelthorp,485-341-3055,knelthorpr8@shareasale.com,Carrera 30
777-56,Dalston,Pagin,369-746-4255,dpaginr9@irs.gov,Avenida B
401-01,Dyann,Bedingfield,710-267-8209,dbedingfieldra@woothemes.com,Carrera 10
434-63,Iggie,Epton,184-216-7741,ieptonrb@hp.com,Avenida B
288-14,Lutero,Rubertelli,636-076-1311,lrubertellirc@meetup.com,Calle 20
005-52,Vivyanne,McGowran,655-560-0114,vmcgowranrd@boston.com,Carrera 30
825-44,Farrel,Dreghorn,746-108-3289,fdreghornre@sfgate.com,Calle A
071-27,Bird,Domenici,193-891-1363,bdomenicirf@bloomberg.com,Calle 20
442-48,Giulia,O'Hartnedy,232-033-4538,gohartnedyrg@apple.com,Calle 20
371-57,Rahal,Rathe,436-905-5998,rratherh@networkadvertising.org,Carrera 30
709-35,Garfield,Solesbury,185-086-8989,gsolesburyri@blogspot.com,Avenida B
538-30,Dall,Oles,622-205-5936,dolesrj@usatoday.com,Carrera 10
091-21,Evie,Lilion,447-800-0388,elilionrk@eventbrite.com,Avenida B
289-52,Dag,Oxe,478-391-6159,doxerl@sourceforge.net,Calle 20
430-68,Constantina,Gipson,141-092-5165,cgipsonrm@sakura.ne.jp,Carrera 30
148-92,Susana,Jardine,352-772-0698,sjardinern@cdbaby.com,Carrera 10
943-15,Maria,Auchinleck,765-568-5925,mauchinleckro@nifty.com,Avenida B
368-47,Carmel,Edie,701-216-5757,cedierp@360.cn,Calle A
488-94,Chelsey,Barnsdall,725-925-3885,cbarnsdallrq@hao123.com,Carrera 10
263-12,Hughie,Grindall,457-723-2152,hgrindallrr@eepurl.com,Carrera 10
